0,1,0,1,0,1,0,1,0,1,0,1,0,1,0,1,0,1,0,1,0,1,0,1,0,1,0,1,0,1,0,1,0,1,0,1,0,1,0,1,0,1,0,1,0,1,0,1,0,1,0,1,0,1,0,1,0,1,0,1,0,1,0,1,0,1,0,1,0,1,0,1,0,1,0,1,0,1,0,1,0,1,0,1,0,1,0,1,0,1,0,1,0,1,0,1,0,1,0,1,0,1,0,1,0,1,0,1,0,1,0,1,0,1,0,1,0,1,0,1,0,1,0,1,0,1,0,1,0,1,0,1,0,1,0,1,0,1,0,1,0,1,0,1,0,1,0,1,0,1,0,1,0,1,0,1,0,1,0,1,0,1,0,1,0,1,0,1,0,1,0,1,0,1,0,1,0,1,0,1,0,1,0,1,0,1,0,1,0,1,0,1,0,1,0,1,0,1,0,1,0,1,0,1,0,1,0,1,0,1,0,1,0,1,0,1,0,1,0,1,0,1,0,1,0,1,0,1,0,1,0,1,0,1,0,1,0,1,0,1,0,1,0,1,0,1,0,1,0,1,0,1,0,1,0,1,0,1,0,1,0,1,0,1,0,1,0,1,0,1,0,1,0,1,0,1,0,1,0,1,1,1,1,1,1,1,1,1,1,1,1,1,1,1,1,1,1,1,1,1,1,1,1,1,1,1,1,1,1,1,1
330.5391726,167.5643307,477.291705,149.8754123,470.5879956,160.4589158,490.8265268,237.0052551,315.6004316,133.5520378,460.7729499,138.8144548,425.1407108,170.5544991,398.9374386,92.36764277,479.4568086,141.8311294,411.7005884,109.488182,382.9970957,127.6121528,288.0313782,161.0397713,403.8048597,106.8579789,468.4259588,153.1196771,431.6987134,125.0802324,452.5917439,130.1729273,423.0630629,61.82020831,366.8834187,90.54065404,396.7595692,125.530423,536.9669178,99.23249452,417.6720146,127.075839,439.7808738,150.7876795,351.0528738,156.5971881,478.1954991,167.9016163,402.0458019,106.9144069,660.5871728,143.1685864,496.658598,137.262677,418.2939156,106.4554782,372.2090515,94.06219501,368.2772163,182.9911091,409.8429636,136.0598619,389.4401693,177.3862984,378.2931662,145.8010216,405.1936738,78.07760108,408.293253,158.9698727,402.3692297,130.6135782,319.5936683,151.7816698,438.4769105,148.5475133,396.3185103,240.2353318,557.0754503,166.2874869,520.7953738,184.1068043,403.8806929,217.9386712,360.6816207,229.6389018,456.6170366,187.6493843,408.97883,231.7336273,620.4714578,96.39660653,484.446413,301.0043908,310.0651219,183.1443318,357.5185147,123.5150223,732.1952251,122.8755416,753.9145653,138.3148692,369.2678177,129.2629877,436.8973842,130.6966288,512.7562887,120.6914954,498.9546768,162.9779528,460.0626822,133.876006,349.4715509,88.26341685,614.8847615,102.8451172,568.6653023,100.4637239,252.4742264,166.3033155,261.7096259,154.1711058,499.4404446,101.4762271,378.2029836,185.4053188,380.1388358,127.4903143,595.2329681,160.3831926,684.6906303,166.6803497,446.0386054,126.7387543,357.8654786,183.3088838,468.7777692,169.3962061,583.776602,144.6631654,684.618477,149.0243399,563.5208956,172.7004772,431.9773397,184.0519603,474.4072051,169.6339627,440.887749,207.654164,484.3641669,223.0552667,540.9568817,167.4583366,462.8496443,192.1575948,519.7552041,221.3832089,563.0802105,118.3264645,477.1187733,153.6004431,858.033313,177.0321679,757.8094012,166.1836595,700.8894172,219.4173744,489.1266761,149.1866549,421.1357444,146.206788,840.1755253,192.0530951,750.783499,272.5776314,1166.571191,200.0700865,825.3656741,208.7650203,814.6088633,165.0552013,837.1304784,174.0934313,795.9747742,167.576811,603.5060436,145.8566496,760.3075442,262.532078,1005.369001,147.7350839,754.0878502,119.0791572,923.9333695,183.5614664,721.476509,118.3618361,757.0032769,134.7738887,1162.707874,104.0024473,729.7996987,211.8668725,705.5141964,141.3373348,830.4067756,189.0562739,923.6673526,189.3006262,718.4626366,182.3921203,787.1008967,200.7012735,1981.372036,284.259431,833.1955783,173.865043,761.4559849,179.3769207,891.3646964,175.7936339,1193.568004,120.5088102,751.7117701,194.0035459,867.755827,202.1670578,828.9101329,192.1070502,817.785111,257.1041451,863.4940262,203.0283553,841.1644083,180.3882352,825.9401969,183.8089946,522.5664513,204.7557414,730.4957354,127.1275071,834.6551287,204.7102428,954.4481389,217.24411,1004.395259,157.585967,772.7166255,120.75576,886.1620141,218.2807721,751.6659326,131.2625824,826.8441676,88.14590723,802.663535,213.0457819,827.1855686,155.6392777,879.1278987,218.6979876,752.4572565,194.7072604,765.3007209,164.4849176,729.797898,195.9476474,681.992147,158.7751103,802.0593932,191.7373105,665.9936709,193.1014039,839.7556943,135.993973,1032.307991,196.3830109,692.7995331,197.55342,250.9759601,220.7764473,162.0104101,168.4994255,149.1062941,180.3436228,216.3514809,160.2685922,166.2696467,160.4701696,231.6812263,178.3564835,180.6150377,194.362306,151.1260548,139.5370285,155.0983769,143.8840871,176.8553126,146.9818053,158.7124149,210.4505784,207.4690673,159.3682314,172.2927062,243.7344662,190.1125762,158.3744746,157.5051304,121.4998166,140.7238055
158.9533252,92.93659394,232.3414195,78.18677607,223.8398032,83.24245842,231.1431209,97.97711344,186.0107644,69.54351088,224.0405002,79.54075701,199.2056941,95.80253404,172.866095,38.32274541,219.527004,71.02786863,192.4319047,62.01738355,183.8386059,67.73511119,149.7731093,83.94775228,207.3796708,57.09854,202.0200991,80.75578248,245.6753778,61.01100084,267.2210268,80.53445466,216.5339663,28.72869859,197.2972092,34.6739464,194.8463024,60.94971519,289.2866439,58.98312823,233.9629916,73.60640653,249.8255361,78.98130021,144.3169975,66.8601908,265.8282576,90.79342445,206.4725015,62.38204781,228.1538035,66.50576402,183.4257589,60.65409955,223.4228599,52.08037451,194.9596761,39.70619712,188.5716971,93.76550667,162.3187579,62.92159029,213.6523938,73.71564539,220.8457759,58.27924274,224.0500442,38.22773514,190.7495041,38.04218178,197.0457543,51.99647407,135.4210459,76.61360483,186.4763178,64.34804176,167.6295397,97.68578483,306.5695582,80.0069929,245.1183208,84.14770978,169.3160369,98.00792311,154.286233,108.0468358,197.7345969,101.0301445,180.7694081,88.52313864,260.4844096,40.67285384,240.167717,130.6992749,141.7177408,90.72895994,175.537662,49.00241063,253.9232196,44.40058391,264.9837313,62.59688029,193.438705,61.81528753,186.8895131,64.93700184,206.1132283,58.25415393,201.2730539,59.70432049,171.6874625,52.02722725,154.2341435,33.24986778,218.4566793,46.73779872,187.3891411,38.95497753,90.03617691,68.55330576,107.4972288,73.75763043,202.09294,40.88667783,195.7124518,78.60813085,179.10951,70.00637462,289.1814043,73.25632312,254.8928182,60.38367914,230.319351,44.73782296,151.0068205,89.23435273,206.0815333,90.9459976,265.1013412,61.32084999,342.0416003,74.68889616,271.8625398,63.34201853,228.9763043,86.42324153,214.7921721,59.2208775,227.9685073,92.14946294,249.4124679,90.60795304,218.6846968,77.31450951,224.7394196,69.76929062,219.5309839,103.8263055,266.5246329,47.86426409,230.2292451,53.06285985,346.6317846,96.51373384,339.8006568,72.6873905,370.7623746,107.5311475,259.6621417,68.26953617,204.954648,61.58701096,467.5787778,86.35791583,398.7760329,103.6696615,418.9958303,83.99232382,545.6820385,87.51907803,418.6576514,65.90316458,435.8138068,72.36413715,458.0090319,70.26052204,305.1849221,71.40004739,308.5811434,124.6466405,647.2923704,81.12998397,404.2788052,36.01658234,506.3135646,99.70335213,382.5898792,52.93926742,345.419233,52.10999784,667.5413181,44.23428896,335.0173495,90.32902572,401.7536097,64.91753569,399.9631559,105.0500819,522.8392151,90.28020918,418.3306641,76.3548623,456.5716336,80.38261213,434.896184,58.02730495,510.3395699,84.49658402,394.9189329,76.43165649,499.5377937,93.72005193,584.7302109,51.83651024,442.7413903,110.9789737,439.9916478,109.9473098,426.6942331,74.59605592,394.2826451,128.1854357,400.523814,113.7903107,380.7199861,99.96892387,362.4901781,84.04713005,250.0172823,84.37931023,398.0694601,74.96114486,312.5995218,106.9436995,427.7926223,82.54129772,503.5100421,77.00258457,397.842424,57.38341448,448.7373603,116.1222186,293.8361719,65.87415594,364.2594325,50.06243196,426.8947489,104.1078499,454.5039196,70.43529368,399.3873797,95.03928957,362.8996729,105.6631067,372.0345876,58.44129467,351.6763845,69.35147089,338.9453394,72.16690296,376.6712923,79.37434858,362.3116866,90.15809788,304.8473271,56.51571857,501.4975531,103.8700504,314.2474181,73.24637351,114.2836962,107.1902999,84.00289583,73.40131492,69.13199123,81.98033139,80.83430018,75.54989769,68.22022893,74.60615398,122.7559127,90.87313589,92.02182258,90.0845911,67.6664664,71.57520134,64.28715337,70.64398619,88.18030616,58.6097173,82.67263703,55.80150594,88.93752315,64.56563253,89.62986689,109.1363826,77.90140432,89.81341789,83.43950392,48.21794037,67.36375633
24.59083705,18.7265496,31.24538477,27.18281248,36.45561949,20.9484332,53.69555919,23.08419986,28.4707036,22.08513393,25.23674597,15.88579799,30.50393628,10.26303841,21.24132915,10.0863337,32.12253088,14.48719722,22.49105062,13.32140985,21.92516319,14.50845882,24.12022232,18.85326604,23.06107269,13.05727621,20.37144612,16.93870288,61.22120207,14.85825237,26.77431978,16.22139481,33.18758218,7.998486765,24.92712952,11.04387705,28.83994491,16.82996949,31.13135454,12.19844735,33.28043424,10.28804215,24.05152678,15.05018267,23.81585919,17.19845637,25.51951266,13.19962748,31.95057861,9.30501586,44.33216196,18.84670254,46.11206374,12.61831789,32.06587254,13.23958946,22.10128458,9.645235557,23.66078558,30.30829882,37.140531,15.70296613,23.60970326,21.33451491,42.10427141,24.90540794,34.34023945,14.3982044,33.83236438,13.33135173,14.99887093,10.90965694,25.37988584,18.48395049,15.55686401,26.34505291,23.8734513,23.29464578,34.29956787,17.08536434,43.51174415,17.60813294,21.9904365,21.22843684,21.76799279,21.22086058,37.38085167,20.83547075,33.05497754,20.38720116,24.88568347,14.56520157,33.00683349,28.27574142,31.8074036,23.93018486,55.99289972,13.91718566,51.7096593,23.54672809,52.08143112,20.14131924,34.67222025,16.14507243,25.42815092,21.92547177,36.81882545,16.79811224,42.37971606,27.46302993,28.66434165,21.82634098,39.27294701,12.92648311,53.58448645,20.60196319,27.31934304,12.14919956,18.77707142,19.77192455,25.7096994,27.03767287,28.30905073,19.90247575,34.33494409,26.50143816,31.74270639,17.13784666,42.0858223,18.49406185,38.88708159,18.60517007,53.74872714,17.65210885,22.36371933,17.43837322,22.334701,32.93741422,46.97895381,25.27890114,51.9039654,17.17778335,56.79749549,30.91579176,44.79810603,27.33497655,39.9063934,17.8317006,39.94558205,19.4872358,24.59762454,29.11927113,33.18636184,20.69244781,42.29203915,17.86134478,34.58889345,28.64069652,36.37676923,15.30822578,47.14066761,16.97620513,44.1801695,20.52784878,41.63054828,24.37563179,39.1360284,19.49200516,45.61329942,16.62393558,46.60415372,14.73154645,56.1094534,26.25885236,67.65457995,23.86060547,91.51469029,20.51308811,49.12068405,21.07573247,64.28990854,23.93776078,80.57545124,21.43162937,65.510613,11.70553215,48.82196115,18.35273468,48.64512573,16.57654466,43.15282473,22.26167507,61.40227526,26.09866289,71.9255462,24.95313059,48.52104785,16.2593889,56.02386426,27.11614164,89.52705998,27.76945143,62.05083245,21.32948969,54.90099126,24.83822078,51.76722628,31.62934751,75.45000228,37.22524335,46.97046054,23.90839233,53.37904604,22.25605175,44.66645929,12.20036678,55.95394492,21.50222382,31.08936277,19.52899815,56.13833542,22.7257419,98.2909803,18.78519684,33.14268729,24.95396238,60.86123819,23.67722297,52.69548033,25.84649698,61.17668816,22.39540563,74.48619219,22.10294159,68.58927153,18.62803136,81.13310207,30.03726569,66.18019562,30.07802332,71.09750221,21.36114856,68.42616267,19.16406095,63.69442898,40.15290216,68.23405583,14.19508462,67.87109719,20.34660479,61.9113577,24.75950124,61.01340785,14.13241195,55.68728406,16.79755963,51.57666019,29.55488046,43.9324877,11.19517239,41.34874016,12.41370171,75.30859808,29.89444803,60.36514512,20.79980599,52.04284517,20.14295162,48.0035848,13.21310032,44.71928008,18.19415655,62.76359335,17.66966394,71.45270445,15.78335515,82.3409538,19.4016951,44.81663742,18.19296873,24.73479064,29.92709387,22.47845884,28.43962378,17.19280858,28.4408185,19.86463012,16.01450234,17.14616734,22.25202583,24.77047855,18.90620851,17.49090333,19.67834859,19.36262453,17.88113658,21.02944184,21.92604195,21.59012899,24.35249,19.45638688,16.97872463,28.98631176,23.74572785,21.95017153,25.94536978,24.0499867,17.54494675,27.83030484,24.24986669,9.63323317
1.312793734,4.3647343,3.294307891,2.767116183,2.048264183,2.542540074,2.415642458,3.207309766,1.043803419,2.769017213,2.811744387,1.788995215,2.218787158,3.131112686,1.965217391,0.968503937,1.104881,1.498164015,1.437042742,1.423036649,0.842865744,1.822250105,0.808803301,1.394799863,1.955996132,1.134333566,1.126850606,1.54890865,1.794832827,1.456445993,2.171458261,1.572745671,1.946937322,2.398974359,1.283216783,1.542434092,2.104964115,1.499847607,2.086475943,1.661086437,2.293125811,2.526894573,2.327220077,1.677142857,22091.18541,18864.7867,1.827819549,2.160158633,0.857094935,1.299883314,3.393541325,1.949921753,1.608557284,0.911499436,1.716400237,0.888161341,1.645623548,0.920423497,1.138836059,3.24852071,2.858153242,2.50880829,2.354679803,2.864510847,1.932497589,1.022893082,2.137447936,1.656628591,2.702494062,1.8369531,1.439385918,2.24479022,1.374524715,2.216717539,3.32049763,25.45167404,1.695937793,3.24845173,2.347413529,7.151370679,2.658878505,2.640999316,1.903009309,2.732549487,1.007718163,3.036454018,2.442353809,2.55075594,2.37699586,2.615740741,5.494376757,2.729837371,2.348263551,10.52655889,40.13125,13.80785414,3.211116777,2.108943089,4.452037459,2.464335276,4.114936954,2.971188475,1.289373089,2.227944926,2.172668969,1.650522648,3.188586957,1.942980731,3.050356936,3.059852904,14.78151788,2.046026609,27.66382284,44.49623521,3.346118721,4.766555503,4.167228591,5.701492537,59.05462185,2.780293425,29.125,3.13784895,3.787405912,48.83024518,2.149608866,3.435442313,1.998591053,1.4560338,1.206428248,2.406671962,6.109952607,2.41660141,3.187235543,3.096188748,2.510307414,5.528,2.159732766,3.492748234,3.291955121,2.086316627,2.242825607,2.143870314,2.290034705,96.06299213,1.522744796,3.018024263,2.125289129,4.532120857,1.994658754,2.965050733,1.504836976,2.274243089,1.072117593,1.065420561,1.492086331,2.546936481,1.986422018,1.789990186,2.218276515,2.930537908,0.953555282,2.113194681,1.350515464,1.73374854,1.355699856,1.847619048,1.398837632,2.046086073,1.946666667,1.894227446,2.502380081,2.90614063,1.193089431,2.629038247,1.216821886,2.48611898,1.922903226,1.711762495,1.093527408,2.250081195,1.079073963,1.983803795,0.903451109,3.459691686,1.434512951,1.582787879,1.366768293,2.933169834,1.234281437,1.98539604,1.685224839,1.999313894,0.853303965,1.997797357,1.230648418,4.144074361,0.973207547,1.385355259,1.442772703,2.106330014,2.263409962,1.496083551,1.184,2.78665883,1.111515703,1.905627198,1.301094891,1.951081844,1.819690899,1.997797842,1.04816859,3.299293009,1.739887353,2.461092315,3.810852713,3.371171171,1.45269742,3.026600985,1.330615942,3.545178896,1.574025974,2.422879177,2.305864885,1.18494189,1.66185259,2.484871994,0.960641399,1.956374968,1.447390224,2.140032949,1.813386525,4.235627739,1.415271539,2.330498736,1.460401891,2.404604317,1.448436048,2.529464687,0.742953777,2.190687361,1.077272727,2.829934747,2.096108949,3.568846533,2.299387443,3.235762011,2.483499849,1.65844105,1.257385855,2.109566639,1.420673077,3.367047308,1.107087589,1.941071429,1.798479087,1.150742292,1.762834418,3.364207741,1.874211356,1.909539474,1.772134831,2.743698755,1.637300532,2.605872622,1.261706783,2.66955517,1.160199769,2.484651405,1.711767298,2.59788567,1.490603086,2.71638215,0.973638968,2.81256656,1.670527671,3.005030181,2.860615883,2.165716203,1.457093822,4.618669921,2.874340021,3.599376114,2.495100128,2.619199433,2.295515937,2.324096808,2.179487179,3.838988689,2.234802008,2.527240773,3.761851645,2.258594151,2.923236515,1.929133858,2.069047619,2.416356877,3.243943191,2.55318323,3.188929001,1.856086079,2.798042414,4.133768352,4.906525573,2.891240876,2.280204644,3.260112647,3.182642487,2.316724437,4.617864693,2.03104657,1.563979417
5.826631854,7.508856683,9.120310479,6.104771784,5.271803556,3.372996301,7.055865922,7.381665668,2.870192308,4.101610217,6.706966033,3.845933014,5.268727705,9.121190645,3.603478261,3.001049869,4.058087939,3.515299878,5.25606469,2.164397906,3.131246237,4.705144291,2.482347547,3.848785494,4.791586074,3.160153524,3.556527591,4.23336028,6.069908815,3.984795692,6.72324212,2.7973915,2.706552707,6.174358974,3.369357915,4.74539545,4.841507177,3.575129534,6.078023407,4.865049539,5.761997406,6.535978962,8.410553411,5.632142857,48170.21277,132.0318149,4.921052632,5.411836486,2.762160349,3.052508751,7.274220033,4.816901408,3.939179632,3.435738444,4.689165187,2.447616553,4.024012393,2.959699454,4.233548878,4.195266272,4.923379175,5.405872193,7.148330597,4.834220221,3.56460945,2.469685535,4.687618326,3.786777432,9.79216152,6.046584828,5.346744309,4.792998055,3.324334601,3.251937074,8.732227488,55.65382186,6.364123877,6.947176685,6.887052342,18.1227652,6.299065421,7.511978097,5.644078805,5.505283524,4.22258185,6.673570837,5.705589375,4.730021598,6.046717918,6.759259259,18.96672915,5.580816462,6.251217137,23.63048499,105.25,26.6058906,6.557878633,5.74796748,14.90761832,4.665556481,10.27400582,9.12765106,4.568042813,4.657827639,5.994079921,3.063763066,6.847826087,5.147463626,7.285355971,6.756276946,40.83211374,6.263933837,92.64839354,135.4607386,8.582648402,13.75893283,12.69588672,12.93415277,167.7170868,5.672885347,77.46710526,6.582990695,13.92693226,107.767172,6.465123859,7.463498425,5.885875308,2.880908371,4.497510186,5.64892772,8.117535545,6.624902114,6.029619182,7.310344828,5.768535262,9.084,8.357121166,4.879137226,6.438290762,4.108989658,4.209161148,6.550151976,7.466534457,137.9593176,4.136468774,6.568457539,6.407093292,8.163684365,5.130563798,7.034949267,5.947689,6.366827556,5.052824989,2.883915396,3.461390887,3.282743114,4.64587156,5.047432123,4.294507576,7.191867853,3.027949034,5.854074327,5.07827415,4.647722849,4.04040404,4.84952381,5.223392663,6.099627245,6.41025641,3.722779122,5.357012083,8.625517022,2.9,4.448570368,2.40919674,5.016997167,4.325806452,5.629462608,3.313719418,7.09645989,2.992483464,6.689032855,2.728841413,8.17791256,3.075155053,5.648484848,2.613414634,5.32801962,3.698353293,6.306930693,4.299250535,5.46483705,2.47092511,6.40969163,3.365492484,7.041053447,3.453584906,5.941669252,3.092423428,4.068278805,4.93614304,3.208877285,3.084923077,6.641198942,2.77742376,5.732121923,3.873479319,5.352775165,4.994848311,3.900022022,4.017561465,6.910840534,3.521761393,4.619139681,26.24186047,10.62462462,3.668491009,7.354679803,4.369112319,8.368708308,4.561038961,4.974293059,3.953229399,5.780697322,4.811752988,4.247478666,4.198736638,5.318099195,3.755178128,7.350906096,4.534574468,5.395720547,3.891792568,3.691105493,3.330378251,5.271942446,2.72065655,4.835807467,1.416009019,6.145602365,4.195959596,5.45269168,4.326848249,5.681892869,5.025523226,5.806554248,5.389040266,6.854680768,3.469113697,4.161896975,4.376442308,6.890701468,2.984215413,6.660714286,4.220532319,4.293871336,4.262472885,6.923585842,6.151419558,6.324013158,6.364044944,6.012754327,2.737699468,5.024813896,4.301094092,4.416522241,3.540530158,6.956295525,3.91141472,5.601018011,5.977559607,6.834381551,3.450429799,4.533013845,3.06048906,9.094567404,5.343598055,4.844012076,4.066361556,10.14032947,5.40654699,8.297682709,5.500639114,6.468296139,6.277687736,6.843212908,4.18005698,7.634730539,5.660903514,4.833040422,5.269380926,7.491021036,6.703319502,3.153416307,6.395833333,6.363636364,6.077694236,5.741459627,6.975531488,3.8399462,5.657422512,8.456769984,7.188712522,7.824817518,5.533254624,8.699436764,8.069948187,6.724436742,6.596194503,4.652979469,4.202401372
0.622872063,1.02979066,0.802716688,0.545643154,0.435224386,0.42108508,0.501955307,0.499520671,0.416773504,0.44858412,0.579735176,0.337559809,0.464982164,0.710134656,0.340289855,0.280892388,0.415086729,0.611587107,0.448979592,0.258534031,0.365081276,0.508573818,0.416827144,0.426274376,0.78384913,0.500697837,0.820323015,0.45755861,0.487841945,0.709534368,0.956009699,0.55633011,0.572293447,0.920683761,0.419262556,0.597327555,0.2847189,0.358122524,0.815344603,0.422617014,0.592736706,0.650490079,0.585907336,0.403571429,7939.209726,6.485900217,0.453383459,0.834655278,0.372022811,0.421236873,0.469896004,0.528951487,0.305480905,0.211358512,0.619301362,0.293871137,0.855925639,0.465163934,0.268733359,0.573372781,0.489587426,0.61865285,1.010946907,0.708145722,0.456075217,0.439748428,0.516471034,0.462443752,0.722090261,0.587031791,0.358073055,0.440955821,0.618250951,0.719652501,0.480154028,3.534428301,0.355275506,0.55154827,0.538720539,1.7318236,0.824766355,1.209787817,0.558129465,0.984223843,0.315448774,0.918392709,0.874008486,0.804805616,0.834713187,0.868518519,1.065370197,0.56189844,0.376501136,5.071593533,10.825,3.793828892,0.768485467,0.667479675,1.085801063,0.867887871,0.706110572,0.954781913,0.375152905,0.615502295,0.375826344,0.406271777,0.826086957,0.657491152,0.985143739,0.904007101,4.91532511,0.842143114,7.765474678,12.33775547,0.890593607,0.753454026,0.89467296,0.881299385,12.91316527,1.040934613,9.371710526,0.581259468,0.732146135,6.603032004,0.747229465,0.752361867,0.656216978,0.269342487,0.387052965,0.528196982,1.738957346,0.402505873,0.623060649,0.526315789,0.367450271,0.7176,0.882477984,0.751580513,0.571496777,0.582736675,0.604856512,0.423961499,0.915468518,18.62532808,0.527370856,0.813518198,0.740940632,0.68025814,0.887833828,0.587373168,0.504478681,0.611671786,0.479559026,0.434185932,0.50647482,0.392074199,0.723669725,0.492639843,0.570075758,0.341253706,0.301397452,0.510739857,0.509736541,0.662125341,0.483405483,0.515809524,0.42862332,0.563198916,0.616410256,0.358105773,0.964481875,0.787782374,0.464227642,0.641663572,0.545692666,0.819830028,0.629354839,0.894400601,0.368225457,0.765183501,0.860793746,0.716797779,0.548069022,0.721758908,0.493980299,0.391757576,0.3125,0.456774985,0.357784431,0.669554455,0.802462527,0.646998285,0.669603524,0.239867841,0.684316805,0.885360186,0.374603774,0.516289172,0.362708221,0.437055477,0.719667944,0.462989556,0.520061538,0.696738172,0.81156122,0.748534584,0.444890511,0.500940734,0.810532341,0.718564193,0.548419468,1.35683425,0.988223246,0.355437409,0.960930233,0.948948949,0.78342455,1.052216749,0.541666667,0.731352335,0.785454545,0.526563839,0.651076466,0.435320869,0.417131474,0.55973623,0.501943635,0.53648403,0.789975145,0.746293245,0.574911348,0.966744006,0.576153532,0.576189382,0.570035461,0.780719424,0.44038402,0.717049033,0.316873356,0.699556541,0.492676768,0.725530179,0.489494163,0.697338153,0.950484941,1.028635062,1.119588253,0.356600078,0.421888988,0.490188062,0.420240385,1.406199021,0.378520582,0.526530612,0.700311096,0.382185002,0.370932755,0.551769765,1.797318612,0.418037281,1.000898876,0.285362891,0.418550532,1.171215881,0.441137856,0.702195263,0.392623896,0.411290323,0.442044954,0.447141738,0.618232819,0.450434262,0.420401146,0.849307774,0.477477477,0.926559356,0.634251756,0.569272056,0.400514874,0.737644905,0.883315734,0.781194296,0.71410311,0.661707403,0.546191248,0.683970537,0.65014245,0.908848969,0.860568879,0.769771529,0.570552147,0.86865059,0.660995851,0.423037846,0.98452381,0.854004731,0.713868003,1.000388199,1.100681909,0.414256893,0.833931485,0.696900489,1.022222222,0.675912409,0.9905549,0.799795187,1.034110535,0.543760832,0.746300211,0.619429144,0.561921098
0.178381201,0.734299517,0.373544631,0.343879668,0.30211685,0.382922318,0.322513966,0.364170162,0.197489316,0.411493615,0.340759931,0.264545455,0.465398335,0.701417434,0.315652174,0.160787402,0.191327148,0.255895553,0.249326146,0.290628272,0.146658639,0.286532831,0.143970656,0.2541909,0.380077369,0.201256106,0.180551817,0.277822689,0.327051672,0.228476402,0.448562522,0.321340229,0.288710826,0.302837607,0.224189447,0.186421091,0.280173445,0.2036879,0.31189857,0.255927571,0.329442283,0.368634951,0.496138996,0.223892857,2039.513678,4.091106291,0.278007519,0.324893228,0.159409594,0.264683003,0.423918993,0.316431925,0.225884017,0.166234498,0.310834813,0.164064955,0.274515879,0.123531421,0.190833016,0.44408284,0.43497053,0.458031088,0.46091954,0.432255424,0.312873674,0.145081761,0.344642181,0.238629283,0.349643705,0.163991187,0.24616199,0.288691303,0.15878327,0.189293261,0.484300948,3.384712571,0.248424722,0.430601093,0.438016529,0.990464839,0.348130841,0.292060233,0.248971639,0.382795059,0.162330387,0.406586578,0.374285187,0.383099352,0.382022472,0.322453704,0.964854733,0.374875539,0.358974359,1.326096998,6.15125,1.887447405,0.419224885,0.240203252,0.399392559,0.255814599,0.512366634,0.318527411,0.207301223,0.357164712,0.299851998,0.249442509,0.387880435,0.271765631,0.366968937,0.360258686,1.874555718,0.235167206,3.951715375,3.865184654,0.402922374,0.647212959,0.46797033,0.719227392,9.544817927,0.327476906,4.167763158,0.383466782,0.546722967,5.373385738,0.443774446,0.399083882,0.273617471,0.244996039,0.197600724,0.317235902,0.791469194,0.292090838,0.462270804,0.329038113,0.347124774,0.7528,0.317643486,0.442915582,0.471472905,0.258313445,0.405684327,0.313931104,0.323500248,12.42454068,0.228334618,0.333934142,0.273477255,0.503373423,0.285756677,0.448059269,0.294876388,0.297455024,0.158153422,0.146679784,0.235539568,0.362563238,0.268477064,0.247595682,0.332007576,0.334095722,0.160789149,0.24568701,0.224742268,0.255702608,0.21547619,0.268495238,0.261169633,0.33280244,0.322358974,0.295333564,0.34566093,0.337257397,0.249796748,0.391199406,0.262805588,0.322379603,0.279774194,0.23431041,0.286807061,0.272491069,0.22098617,0.215201296,0.177814297,0.428354814,0.309449106,0.224,0.239390244,0.421213979,0.185928144,0.266584158,0.422002141,0.268885077,0.169735683,0.155947137,0.266995737,0.692486445,0.216037736,0.183214397,0.266147233,0.237055477,0.481162197,0.225065274,0.186707692,0.461651484,0.249840692,0.234701055,0.247506083,0.325446849,0.364625072,0.241796961,0.227696939,0.427729772,0.381976446,0.332962784,0.501085271,0.431711712,0.403909304,0.461773399,0.253668478,0.476895088,0.376675325,0.423650386,0.501484781,0.165790803,0.376643426,0.466252909,0.193343052,0.288756167,0.28927092,0.251466227,0.275088652,0.618200567,0.243282973,0.386577798,0.2643026,0.361726619,0.232951378,0.289473684,0.142352499,0.25857354,0.222171717,0.493474715,0.271050584,0.611567532,0.401225115,0.357620108,0.474417196,0.254093224,0.234870188,0.259648406,0.302980769,0.471125612,0.178799133,0.274744898,0.305012098,0.186181957,0.345878525,0.44756864,0.368809148,0.261732456,0.34705618,0.472213787,0.296509309,0.432588916,0.236280088,0.311958406,0.229273915,0.309833507,0.339356545,0.389976507,0.272398317,0.393231506,0.191117479,0.475026624,0.268790219,0.341448692,0.544030254,0.391479369,0.229748284,0.544234289,0.372597677,0.516488414,0.390796762,0.339142756,0.333333333,0.301367941,0.276296296,0.527944112,0.354545455,0.340377856,0.75125488,0.306362237,0.416113416,0.32016764,0.305654762,0.370733356,0.431913116,0.364091615,0.496991576,0.244821789,0.365415987,0.583360522,0.731922399,0.413138686,0.354939,0.544802867,0.447322971,0.441507799,0.771141649,0.287881823,0.287924528
2.47310705,4.638486312,4.741267788,3.288381743,2.746824725,1.82244143,3.632402235,3.228879569,1.87767094,2.455857857,3.593552101,2.277033493,2.942925089,4.983699504,1.913043478,1.29816273,1.926986688,1.64504284,2.465922218,1.30104712,1.484647803,2.272689251,1.216872994,1.834416695,2.569632495,1.503838102,1.615074024,2.297763406,3.276595745,1.759898638,4.094215449,1.899033056,1.638176638,2.55008547,1.968213605,1.525460455,2.496710526,1.756781469,3.374512354,2.632046464,3.365758755,3.619411905,4.880952381,2.875714286,22255.31915,3823.571945,2.970300752,2.852654057,1.555518282,1.879813302,3.147235906,2.113302034,1.588755304,1.533540023,2.422735346,1.247773704,2.180092951,1.203210383,2.219475086,2.371005917,2.480157171,3.10328152,4.408866995,2.406058125,2.456123433,1.146918239,2.878076486,1.983385254,4.332541568,1.305949008,2.73742721,2.223673243,1.55513308,1.85982625,4.620853081,25.02842704,3.198820217,2.912568306,4.545454545,9.904648391,3.785046729,3.239904175,2.920545573,3.198392618,2.304244989,3.436205468,3.20051651,2.84287257,3.18746304,2.81712963,10.69353327,2.772983737,3.777994158,13.03464203,61.5125,14.1654979,3.495665477,2.297560976,6.001012402,1.73438801,5.063045587,4.12364946,2.446865443,2.326874044,2.636901825,1.633449477,3.2875,2.477782147,3.907003666,2.732690845,18.16642275,2.588996764,52.45961154,51.38042309,3.722374429,6.529299667,4.952124073,5.822651449,88.65546218,2.928817243,40.13157895,3.752434538,6.838626767,44.37581883,4.10202086,3.226452906,3.077492075,1.966992342,2.315074694,2.892772041,4.993364929,2.581049334,4.030324401,2.662431942,3.081374322,4.772,4.339508047,2.82149498,4.113153497,1.739856802,2.786975717,3.075987842,4.538919187,72.27690289,2.525443331,3.081109185,3.15304549,2.942211792,2.78694362,3.904010308,3.308849875,2.408512505,2.120349104,1.425479587,1.976978417,1.456998314,2.47266055,2.513248283,2.564867424,2.912325286,1.739005343,1.82202523,2.439480718,2.640716232,2.014790765,2.059047619,3.318561569,3.186716367,3.753333333,1.837193225,2.924935921,3.684377983,2.010162602,2.257705162,1.781722934,2.24674221,2.020322581,2.355881248,2.506039021,3.354985385,1.747143716,2.341508561,1.644617913,3.143795805,2.224735498,2.433939394,1.623780488,2.635806254,1.605913174,3.198019802,3.154175589,2.503259005,1.533920705,1.333700441,2.535337671,4.01626646,2.141132075,2.412969283,1.78264374,1.434210526,4.08045977,1.452349869,1.502769231,2.845136644,1.790168411,2.308323564,1.897810219,2.739887112,2.966800229,1.827791235,2.40240843,3.19128044,2.472094214,2.058965684,4.089922481,3.52012012,2.464425332,3.74679803,2.575634058,3.265009096,3.092467532,2.79134533,2.686340015,2.169782719,3.15687251,2.639643134,2.206997085,2.846014022,2.247721624,2.662932455,2.49822695,2.995617427,2.126582278,2.348885314,1.870271868,3.099280576,1.512852276,2.134952767,0.753476137,2.487804878,2.406060606,3.567292007,2.056031128,3.397962537,2.810107198,2.500795418,3.502876173,3.484919702,2.102954342,1.827064595,2.735096154,3.954323002,1.506344785,3.479591837,2.385067404,2.351732014,2.9164859,3.556070129,4.05362776,2.916666667,3.352359551,3.173398117,1.817486702,3.102977667,2.397374179,1.688330445,2.220514791,2.822580645,2.485676509,2.84651527,3.357643759,2.817310572,2.050429799,2.71884984,1.501930502,3.893863179,3.384116694,3.057698759,2.140160183,4.115314216,2.92344245,3.668003565,2.935662548,2.721927028,3.002701243,3.616274991,1.71965812,4.111776447,2.437255996,2.292179262,3.398215282,3.788609543,3.594744122,2.048514097,2.938690476,3.220344711,2.888053467,3.057841615,3.803449659,1.750504371,3.010114192,3.169983687,3.650793651,3.400364964,3.288862652,4.333845366,3.575993092,4.493067591,3.984143763,2.002003005,2.373241852
1.520626632,4.636876006,3.82923674,2.312240664,1.987298899,2.598027127,4.305027933,3.507489515,1.298076923,2.333703498,6.954519286,1.466507177,5.998810939,7.257264352,5.884057971,1.237795276,2.822509076,2.505507956,3.706584521,3.202094241,2.482841662,3.658720201,1.66345713,1.404721177,2.514023211,1.832868109,1.73115747,2.62462948,1.487841945,1.344947735,2.052649809,1.676635934,3.316595442,1.882393162,2.284170375,1.440953413,1.659988038,1.440414508,3.417425228,0.886231636,1.805447471,1.921587377,1.702059202,2.165714286,33860.18237,9.117859725,2.486842105,2.558267236,1.84669574,1.77596266,3.273125342,1.724882629,3.132956153,0.801014656,3.318531676,1.325825039,2.031758327,1.203893443,1.71395968,3.352071006,5.964636542,4.331606218,7.728516694,4.065493246,5.255544841,1.550943396,4.131010981,2.300796123,3.823634204,2.233553667,1.808893594,1.953598222,3.042205323,2.737731862,4.617890995,0.303411244,0.023863789,1.22295082,1.711049893,0.180363528,1.606542056,0.990417522,0.261744966,0.054576574,0.02350305,1.551988401,0.027817746,1.17899568,0.474275577,0.318981481,0.064128397,0.144440757,1.163258682,0.213718245,1.485,0.169109397,0.349209587,1.140650407,0.051632498,0.874548987,0.292192047,0.546218487,0.762614679,3.831718511,2.338431179,1.081533101,1.794565217,0.674793551,0.054273587,0.24600558,0.336608823,0.031355627,1.237066618,0.399784869,0.123214612,0.030871844,0.04155091,0.016928885,2.307422969,0.31769607,0.232105263,0.479117074,0.019680558,0.268014224,0.014007497,1.264242771,0.733004579,0.778452601,0.85106383,0.410484512,1.293838863,1.278778387,1.657616361,1.357350272,1.112477396,3.394,1.073792894,2.233544068,2.241823824,1.127684964,1.371412804,2.155015198,0.344323252,3.42191601,0.481495759,2.950779896,1.272166538,1.369023174,1.229673591,0.400547592,1.972411322,2.771390961,1.750574185,2.139695032,1.67529976,1.891512085,4.344954128,2.822047759,3.01467803,1.400677679,2.645704891,2.095465394,2.084765178,2.514986376,1.574314574,1.288,0.863784962,3.305997967,1.705128205,2.485655029,2.068106921,1.943366211,3.025203252,2.018195321,1.233410943,3.240793201,2.472258065,1.678692221,1.480334469,4.212406626,0.728803367,1.661499306,1.503697617,1.617386909,1.964246625,1.142060606,1.555792683,1.660637646,1.15494012,3.410891089,3.643468951,1.310806175,1.726431718,2.265418502,1.632712587,3.036793184,0.875471698,1.378219051,2.45325094,1.865220484,4.584929757,1.084856397,2.088,1.576843961,1.012289486,1.488276671,0.905717762,0.871119473,2.338866629,1.576965426,2.215253387,0.478004713,2.953405018,2.948284195,2.130852713,1.132732733,1.900703675,0.161477833,1.209692029,2.789569436,2.191688312,1.753213368,2.010022272,0.728650834,2.307768924,2.249806051,1.018950437,2.851207479,4.623032312,2.294892916,1.861702128,3.052333076,1.925683953,2.739600092,2.138593381,3.125179856,1.949210282,2.773729195,1.165351372,2.192165558,1.27020202,2.085236542,4.649805447,3.342096615,3.940786115,4.174355711,2.172873146,1.491186839,2.615935542,2.1263287,1.964423077,2.369331158,1.679356236,1.713265306,2.942965779,1.546631138,1.809110629,3.774396295,1.583201893,1.553179825,0.942921348,3.206802308,1.785571809,2.965260546,2.055579869,4.326978625,3.096427199,1.550208117,2.269722345,2.644870791,1.477419355,2.301886792,1.107163324,2.698615548,1.694337194,1.604627767,2.379254457,1.535726266,1.457093822,2.528676022,1.573917635,0.820409982,1.02556455,1.031880978,1.490005402,1.958961768,1.422222222,0.723885562,1.696597881,0.968365554,3.344673731,1.478193946,1.39142462,1.131826264,2.991071429,2.079418723,3.326232247,2.637034161,2.437224228,2.386348352,3.628058728,2.543882545,3.784832451,2.752919708,2.556473829,1.988223246,2.91148532,2.932842288,3.231501057,2.632448673,1.671012007
